--bang khach hangINSERT [dbo].[KhachHang] ([MaKH], [TenKH], [DiaChi], [DienThoai], [Email]) VALUES (N'KH000001', N'Khưu Văn Hiền', N'Óc Eo', N'01699399993', N'kvhien@gmail.com')INSERT [dbo].[KhachHang] ([MaKH], [TenKH], [DiaChi], [DienThoai], [Email]) VALUES (N'KH000002', N'Trần Thị Thùy Trang', N'Vĩnh Nhuận', NULL, N'trangtran@yahoo.com')INSERT [dbo].[KhachHang] ([MaKH], [TenKH], [DiaChi], [DienThoai], [Email]) VALUES (N'KH000003', N'Bùi Thị Chinh', N'Vĩnh Phú', NULL, N'mintbui@facebook.com')INSERT [dbo].[KhachHang] ([MaKH], [TenKH], [DiaChi], [DienThoai], [Email]) VALUES (N'KH000004', N'Lê Thị Thùy Nhụy', N'Vĩnh Phú', NULL, N'thuynhuy@gmail.com')INSERT [dbo].[KhachHang] ([MaKH], [TenKH], [DiaChi], [DienThoai], [Email]) VALUES (N'KH000005', N'Chau Kim Anh', N'Tịnh Biên', NULL, N'kimanh@agu.edu.vn')INSERT [dbo].[KhachHang] ([MaKH], [TenKH], [DiaChi], [DienThoai], [Email]) VALUES (N'KH000006', N'Nguyễn Ra Ba', N'Châu Đốc', NULL, N'raba@raba.com')INSERT [dbo].[KhachHang] ([MaKH], [TenKH], [DiaChi], [DienThoai], [Email]) VALUES (N'KH000007', N'Ha Mi Dah', N'Long Xuyên', N'016666176162', N'midah@agu.edu.vn')INSERT [dbo].[KhachHang] ([MaKH], [TenKH], [DiaChi], [DienThoai], [Email]) VALUES (N'KH000008', N'Nguyễn Hải Đăng', N'Mỹ Bình', NULL, N'dangnguyen@gmail.com')INSERT [dbo].[KhachHang] ([MaKH], [TenKH], [DiaChi], [DienThoai], [Email]) VALUES (N'KH000009', N'Lê Thành Được', N'Mỹ Thới', NULL, N'duoc@live.com')INSERT [dbo].[KhachHang] ([MaKH], [TenKH], [DiaChi], [DienThoai], [Email]) VALUES (N'KH000010', N'Nguyễn Minh Hải', N'Cà Mau', NULL, N'hai@live.com')INSERT [dbo].[KhachHang] ([MaKH], [TenKH], [DiaChi], [DienThoai], [Email]) VALUES (N'KH000011', N'Võ Thị Thanh Hằng', N'Sa Đéc', NULL, N'thanhhang@mail.com')INSERT [dbo].[KhachHang] ([MaKH], [TenKH], [DiaChi], [DienThoai], [Email]) VALUES (N'KH000012', N'Nguyễn Thị Ngọc Hiền', N'Ở xa lắm', N'1234567890', N'hien@duoc.com')INSERT [dbo].[KhachHang] ([MaKH], [TenKH], [DiaChi], [DienThoai], [Email]) VALUES (N'KH000013', N'Cao Hữu Thành Huy', N'Mỹ Hòa', N'0763667776', N'huy@icloud.com')INSERT [dbo].[KhachHang] ([MaKH], [TenKH], [DiaChi], [DienThoai], [Email]) VALUES (N'KH000014', N'Đặng Hoàng Khải', N'Phú Hòa', NULL, N'khaidang@gmail.com')INSERT [dbo].[KhachHang] ([MaKH], [TenKH], [DiaChi], [DienThoai], [Email]) VALUES (N'KH000015', N'Trần Quang Khải', N'Hà Nội', NULL, N'khai@yahoo.com')INSERT [dbo].[KhachHang] ([MaKH], [TenKH], [DiaChi], [DienThoai], [Email]) VALUES (N'KH000016', N'Trần Điền Khang', N'Đâu đó quanh đây', N'234', N'khang@khang.net')INSERT [dbo].[KhachHang] ([MaKH], [TenKH], [DiaChi], [DienThoai], [Email]) VALUES (N'KH000017', N'Lê Trương Yến Khanh', N'Bình Khánh', NULL, N'khanh@letruong.net')INSERT [dbo].[KhachHang] ([MaKH], [TenKH], [DiaChi], [DienThoai], [Email]) VALUES (N'KH000018', N'Liêu Minh Khánh', N'Châu Thành', NULL, NULL)INSERT [dbo].[KhachHang] ([MaKH], [TenKH], [DiaChi], [DienThoai], [Email]) VALUES (N'KH000019', N'Neàng Khiêu', N'Nhập hoài mỏi tay quá', NULL, N'khieu@yahoo.com')INSERT [dbo].[KhachHang] ([MaKH], [TenKH], [DiaChi], [DienThoai], [Email]) VALUES (N'KH000020', N'Lê Văn Lượm', NULL, N'354654263625', NULL)INSERT [dbo].[KhachHang] ([MaKH], [TenKH], [DiaChi], [DienThoai], [Email]) VALUES (N'KH000021', N'Bùi Minh Lý', N'Ở đâu ai biết đâu', NULL, NULL)INSERT [dbo].[KhachHang] ([MaKH], [TenKH], [DiaChi], [DienThoai], [Email]) VALUES (N'KH000022', N'Trần Phú Hải Lý', NULL, N'12323222', N'haily@gmail.com')INSERT [dbo].[KhachHang] ([MaKH], [TenKH], [DiaChi], [DienThoai], [Email]) VALUES (N'KH000023', N'Nguyễn Thị Mãi', N'Chợ Mới', N'123213213', N'_3congian@gmail.com')INSERT [dbo].[KhachHang] ([MaKH], [TenKH], [DiaChi], [DienThoai], [Email]) VALUES (N'KH000024', N'Nguyễn Khải Minh', N'Bình Khánh', N'123456789', N'minhchua@gmail.com')INSERT [dbo].[KhachHang] ([MaKH], [TenKH], [DiaChi], [DienThoai], [Email]) VALUES (N'KH000025', N'Nguyễn Thành Nam', N'Long Xuyên', N'12346573644', N'thanhnam@gmail.com')INSERT [dbo].[KhachHang] ([MaKH], [TenKH], [DiaChi], [DienThoai], [Email]) VALUES (N'KH000026', N'Võ Thị Cẩm Ngân', N'Long Xuyên', N'90923726273627', N'vtcngan@agu.edu.vn')INSERT [dbo].[KhachHang] ([MaKH], [TenKH], [DiaChi], [DienThoai], [Email]) VALUES (N'KH000027', N'Nguyễn Điền Nguyên', NULL, NULL, NULL)INSERT [dbo].[KhachHang] ([MaKH], [TenKH], [DiaChi], [DienThoai], [Email]) VALUES (N'KH000028', N'Huỳnh Ngọc Phát', N'An Giang', NULL, NULL)INSERT [dbo].[KhachHang] ([MaKH], [TenKH], [DiaChi], [DienThoai], [Email]) VALUES (N'KH000029', N'Phan Hải Phú', N'Long Xuyên', NULL, NULL)INSERT [dbo].[KhachHang] ([MaKH], [TenKH], [DiaChi], [DienThoai], [Email]) VALUES (N'KH000030', N'Nguyễn Văn Sĩ Phú', NULL, NULL, N'siphu@agu.edu.vn')INSERT [dbo].[KhachHang] ([MaKH], [TenKH], [DiaChi], [DienThoai], [Email]) VALUES (N'KH000031', N'Nguyễn Hữu Phước', N'Tây Ninh', N'0102083309283', N'phuoc@mintbui.com')INSERT [dbo].[KhachHang] ([MaKH], [TenKH], [DiaChi], [DienThoai], [Email]) VALUES (N'KH000032', N'Huỳnh Minh Phương', NULL, N'1232432232', N'hmphuong@gmail.com')INSERT [dbo].[KhachHang] ([MaKH], [TenKH], [DiaChi], [DienThoai], [Email]) VALUES (N'KH000033', N'Nguyễn Quang Quý', NULL, NULL, NULL)INSERT [dbo].[KhachHang] ([MaKH], [TenKH], [DiaChi], [DienThoai], [Email]) VALUES (N'KH000034', N'Trịnh Thanh Sang', N'Mỹ Phước', N'0162362232637', N'sangtrinh@gmail.com')INSERT [dbo].[KhachHang] ([MaKH], [TenKH], [DiaChi], [DienThoai], [Email]) VALUES (N'KH000035', N'Nguyễn Văn Sang', N'Trung Quốc', NULL, N'sangchina@china.com')INSERT [dbo].[KhachHang] ([MaKH], [TenKH], [DiaChi], [DienThoai], [Email]) VALUES (N'KH000036', N'Chau Rốc Tanas', N'Không rành', N'387483283728', N'tanas@agu.edu.vn')INSERT [dbo].[KhachHang] ([MaKH], [TenKH], [DiaChi], [DienThoai], [Email]) VALUES (N'KH000037', N'Nguyễn Ngọc Tấn', NULL, N'1233', N'tan@gmail.com')INSERT [dbo].[KhachHang] ([MaKH], [TenKH], [DiaChi], [DienThoai], [Email]) VALUES (N'KH000038', N'Nguyễn Văn Tập', NULL, N'78237823873', N'tapnguyen@gmail.com')INSERT [dbo].[KhachHang] ([MaKH], [TenKH], [DiaChi], [DienThoai], [Email]) VALUES (N'KH000039', N'Danh Tuấn Thanh', NULL, N'12343322222', NULL)INSERT [dbo].[KhachHang] ([MaKH], [TenKH], [DiaChi], [DienThoai], [Email]) VALUES (N'KH000040', N'Lê Thị Thu Thảo', NULL, NULL, NULL)INSERT [dbo].[KhachHang] ([MaKH], [TenKH], [DiaChi], [DienThoai], [Email]) VALUES (N'KH000041', N'Nguyễn Trần Vũ Huy', NULL, NULL, NULL)--bang nhan vienINSERT [dbo].[NhanVien] ([MaNV], [TenNV], [GioiTinh], [NgaySinh], [DiaChi], [DienThoai], [Email], [HeSoLuong]) VALUES (N'NV001', N'Nguyễn Thiện An', 1, CAST(0xAE1A0B00 AS Date), N'Vĩnh Phú, Thoại Sơn, An Giang', N'01699329691', N'ntan@yahoo.com', 3.33)INSERT [dbo].[NhanVien] ([MaNV], [TenNV], [GioiTinh], [NgaySinh], [DiaChi], [DienThoai], [Email], [HeSoLuong]) VALUES (N'NV002', N'Hồ Văn Đức', 1, CAST(0x0B1A0B00 AS Date), N'Óc Eo, Thoại Sơn, An Giang', N'01728723239', N'duc@vievents.net', 5.04)INSERT [dbo].[NhanVien] ([MaNV], [TenNV], [GioiTinh], [NgaySinh], [DiaChi], [DienThoai], [Email], [HeSoLuong]) VALUES (N'NV003', N'Trần Thị Cẩm Tiên', 0, CAST(0x211A0B00 AS Date), NULL, NULL, N'tien@vievents.net', 3.94)INSERT [dbo].[NhanVien] ([MaNV], [TenNV], [GioiTinh], [NgaySinh], [DiaChi], [DienThoai], [Email], [HeSoLuong]) VALUES (N'NV004', N'Bạch Thị Thanh Trúc', 0, CAST(0x281B0B00 AS Date), N'An Giang', N'01826353623737', N'btttruc@agu.edu.vn', 3.84)INSERT [dbo].[NhanVien] ([MaNV], [TenNV], [GioiTinh], [NgaySinh], [DiaChi], [DienThoai], [Email], [HeSoLuong]) VALUES (N'NV005', N'Lê Quách Đức Linh', 1, CAST(0x0A1A0B00 AS Date), N'Gần cầu Mỹ Thuận', N'26162516252', N'duclinh@yahoo.com', 5.84)INSERT [dbo].[NhanVien] ([MaNV], [TenNV], [GioiTinh], [NgaySinh], [DiaChi], [DienThoai], [Email], [HeSoLuong]) VALUES (N'NV006', N'Trần Văn Vũ', 1, CAST(0x0B1A0B00 AS Date), NULL, NULL, NULL, 3.04)INSERT [dbo].[NhanVien] ([MaNV], [TenNV], [GioiTinh], [NgaySinh], [DiaChi], [DienThoai], [Email], [HeSoLuong]) VALUES (N'NV007', N'Phạm Minh Trí', 1, CAST(0xC01A0B00 AS Date), N'Quê bạn gái ở An Phú', N'0126716272', N'tripham@gmail.com', 3.14)INSERT [dbo].[NhanVien] ([MaNV], [TenNV], [GioiTinh], [NgaySinh], [DiaChi], [DienThoai], [Email], [HeSoLuong]) VALUES (N'NV008', N'Dương Trí Thức', 1, CAST(0xBE1A0B00 AS Date), NULL, NULL, NULL, 4.64)INSERT [dbo].[NhanVien] ([MaNV], [TenNV], [GioiTinh], [NgaySinh], [DiaChi], [DienThoai], [Email], [HeSoLuong]) VALUES (N'NV009', N'Nguyễn Thị Pha Lê', 0, CAST(0x0B1A0B00 AS Date), NULL, NULL, NULL, 5.04)INSERT [dbo].[NhanVien] ([MaNV], [TenNV], [GioiTinh], [NgaySinh], [DiaChi], [DienThoai], [Email], [HeSoLuong]) VALUES (N'NV010', N'Nguyễn Tấn Đạt', 1, CAST(0x0B1A0B00 AS Date), NULL, NULL, NULL, 3.24)--bang nguoi dungINSERT [dbo].[NguoiDung] ([Username], [Password], [TenNguoiDung], [Quyen], [MoTaQuyen]) VALUES (N'kh000001', N'202cb962ac59075b964b07152d234b70', N'Khưu Văn Hiền', 2, N'Khách hàng')INSERT [dbo].[NguoiDung] ([Username], [Password], [TenNguoiDung], [Quyen], [MoTaQuyen]) VALUES (N'kh000002', N'202cb962ac59075b964b07152d234b70', N'Trần Thị Thùy Trang', 2, N'Khách hàng')INSERT [dbo].[NguoiDung] ([Username], [Password], [TenNguoiDung], [Quyen], [MoTaQuyen]) VALUES (N'kh000003', N'202cb962ac59075b964b07152d234b70', N'Bùi Thị Chinh', 2, N'Khách hàng')INSERT [dbo].[NguoiDung] ([Username], [Password], [TenNguoiDung], [Quyen], [MoTaQuyen]) VALUES (N'kh000004', N'202cb962ac59075b964b07152d234b70', N'Lê Thị Thùy Nhụy', 2, N'Khách hàng')INSERT [dbo].[NguoiDung] ([Username], [Password], [TenNguoiDung], [Quyen], [MoTaQuyen]) VALUES (N'kh000005', N'202cb962ac59075b964b07152d234b70', N'Chau Kim Anh', 2, N'Khách hàng')INSERT [dbo].[NguoiDung] ([Username], [Password], [TenNguoiDung], [Quyen], [MoTaQuyen]) VALUES (N'kh000006', N'202cb962ac59075b964b07152d234b70', N'Nguyễn Ra Ba', 2, N'Khách hàng')INSERT [dbo].[NguoiDung] ([Username], [Password], [TenNguoiDung], [Quyen], [MoTaQuyen]) VALUES (N'kh000007', N'202cb962ac59075b964b07152d234b70', N'Ha Mi Dah', 2, N'Khách hàng')INSERT [dbo].[NguoiDung] ([Username], [Password], [TenNguoiDung], [Quyen], [MoTaQuyen]) VALUES (N'kh000008', N'202cb962ac59075b964b07152d234b70', N'Nguyễn Hải Đăng', 2, N'Khách hàng')INSERT [dbo].[NguoiDung] ([Username], [Password], [TenNguoiDung], [Quyen], [MoTaQuyen]) VALUES (N'kh000009', N'202cb962ac59075b964b07152d234b70', N'Lê Thành Được', 2, N'Khách hàng')INSERT [dbo].[NguoiDung] ([Username], [Password], [TenNguoiDung], [Quyen], [MoTaQuyen]) VALUES (N'kh000010', N'202cb962ac59075b964b07152d234b70', N'Nguyễn Minh Hải', 2, N'Khách hàng')INSERT [dbo].[NguoiDung] ([Username], [Password], [TenNguoiDung], [Quyen], [MoTaQuyen]) VALUES (N'kh000011', N'202cb962ac59075b964b07152d234b70', N'Võ Thị Thanh Hằng', 2, N'Khách hàng')INSERT [dbo].[NguoiDung] ([Username], [Password], [TenNguoiDung], [Quyen], [MoTaQuyen]) VALUES (N'kh000012', N'202cb962ac59075b964b07152d234b70', N'Nguyễn Thị Ngọc Hiền', 2, N'Khách hàng')INSERT [dbo].[NguoiDung] ([Username], [Password], [TenNguoiDung], [Quyen], [MoTaQuyen]) VALUES (N'kh000013', N'202cb962ac59075b964b07152d234b70', N'Cao Hữu Thành Huy', 2, N'Khách hàng')INSERT [dbo].[NguoiDung] ([Username], [Password], [TenNguoiDung], [Quyen], [MoTaQuyen]) VALUES (N'kh000014', N'202cb962ac59075b964b07152d234b70', N'Đặng Hoàng Khải', 2, N'Khách hàng')INSERT [dbo].[NguoiDung] ([Username], [Password], [TenNguoiDung], [Quyen], [MoTaQuyen]) VALUES (N'kh000015', N'202cb962ac59075b964b07152d234b70', N'Trần Quang Khải', 2, N'Khách hàng')INSERT [dbo].[NguoiDung] ([Username], [Password], [TenNguoiDung], [Quyen], [MoTaQuyen]) VALUES (N'kh000016', N'202cb962ac59075b964b07152d234b70', N'Trần Điền Khang', 2, N'Khách hàng')INSERT [dbo].[NguoiDung] ([Username], [Password], [TenNguoiDung], [Quyen], [MoTaQuyen]) VALUES (N'kh000017', N'202cb962ac59075b964b07152d234b70', N'Lê Trương Yến Khanh', 2, N'Khách hàng')INSERT [dbo].[NguoiDung] ([Username], [Password], [TenNguoiDung], [Quyen], [MoTaQuyen]) VALUES (N'kh000018', N'202cb962ac59075b964b07152d234b70', N'Liêu Minh Khánh', 2, N'Khách hàng')INSERT [dbo].[NguoiDung] ([Username], [Password], [TenNguoiDung], [Quyen], [MoTaQuyen]) VALUES (N'kh000019', N'202cb962ac59075b964b07152d234b70', N'Neàng Khiêu', 2, N'Khách hàng')INSERT [dbo].[NguoiDung] ([Username], [Password], [TenNguoiDung], [Quyen], [MoTaQuyen]) VALUES (N'kh000020', N'202cb962ac59075b964b07152d234b70', N'Lê Văn Lượm', 2, N'Khách hàng')INSERT [dbo].[NguoiDung] ([Username], [Password], [TenNguoiDung], [Quyen], [MoTaQuyen]) VALUES (N'kh000021', N'202cb962ac59075b964b07152d234b70', N'Bùi Minh Lý', 2, N'Khách hàng')INSERT [dbo].[NguoiDung] ([Username], [Password], [TenNguoiDung], [Quyen], [MoTaQuyen]) VALUES (N'kh000022', N'202cb962ac59075b964b07152d234b70', N'Trần Phú Hải Lý', 2, N'Khách hàng')INSERT [dbo].[NguoiDung] ([Username], [Password], [TenNguoiDung], [Quyen], [MoTaQuyen]) VALUES (N'kh000023', N'202cb962ac59075b964b07152d234b70', N'Nguyễn Thị Mãi', 2, N'Khách hàng')INSERT [dbo].[NguoiDung] ([Username], [Password], [TenNguoiDung], [Quyen], [MoTaQuyen]) VALUES (N'kh000024', N'202cb962ac59075b964b07152d234b70', N'Nguyễn Khải Minh', 2, N'Khách hàng')INSERT [dbo].[NguoiDung] ([Username], [Password], [TenNguoiDung], [Quyen], [MoTaQuyen]) VALUES (N'kh000025', N'202cb962ac59075b964b07152d234b70', N'Nguyễn Thành Nam', 2, N'Khách hàng')INSERT [dbo].[NguoiDung] ([Username], [Password], [TenNguoiDung], [Quyen], [MoTaQuyen]) VALUES (N'kh000026', N'202cb962ac59075b964b07152d234b70', N'Võ Thị Cẩm Ngân', 2, N'Khách hàng')INSERT [dbo].[NguoiDung] ([Username], [Password], [TenNguoiDung], [Quyen], [MoTaQuyen]) VALUES (N'kh000027', N'202cb962ac59075b964b07152d234b70', N'Nguyễn Điền Nguyên', 2, N'Khách hàng')INSERT [dbo].[NguoiDung] ([Username], [Password], [TenNguoiDung], [Quyen], [MoTaQuyen]) VALUES (N'kh000028', N'202cb962ac59075b964b07152d234b70', N'Huỳnh Ngọc Phát', 2, N'Khách hàng')INSERT [dbo].[NguoiDung] ([Username], [Password], [TenNguoiDung], [Quyen], [MoTaQuyen]) VALUES (N'kh000029', N'202cb962ac59075b964b07152d234b70', N'Phan Hải Phú', 2, N'Khách hàng')INSERT [dbo].[NguoiDung] ([Username], [Password], [TenNguoiDung], [Quyen], [MoTaQuyen]) VALUES (N'kh000030', N'202cb962ac59075b964b07152d234b70', N'Nguyễn Văn Sĩ Phú', 2, N'Khách hàng')INSERT [dbo].[NguoiDung] ([Username], [Password], [TenNguoiDung], [Quyen], [MoTaQuyen]) VALUES (N'kh000031', N'202cb962ac59075b964b07152d234b70', N'Nguyễn Hữu Phước', 2, N'Khách hàng')INSERT [dbo].[NguoiDung] ([Username], [Password], [TenNguoiDung], [Quyen], [MoTaQuyen]) VALUES (N'kh000032', N'202cb962ac59075b964b07152d234b70', N'Huỳnh Minh Phương', 2, N'Khách hàng')INSERT [dbo].[NguoiDung] ([Username], [Password], [TenNguoiDung], [Quyen], [MoTaQuyen]) VALUES (N'kh000033', N'202cb962ac59075b964b07152d234b70', N'Nguyễn Quang Quý', 2, N'Khách hàng')INSERT [dbo].[NguoiDung] ([Username], [Password], [TenNguoiDung], [Quyen], [MoTaQuyen]) VALUES (N'kh000034', N'202cb962ac59075b964b07152d234b70', N'Trịnh Thanh Sang', 2, N'Khách hàng')INSERT [dbo].[NguoiDung] ([Username], [Password], [TenNguoiDung], [Quyen], [MoTaQuyen]) VALUES (N'kh000035', N'202cb962ac59075b964b07152d234b70', N'Nguyễn Văn Sang', 2, N'Khách hàng')INSERT [dbo].[NguoiDung] ([Username], [Password], [TenNguoiDung], [Quyen], [MoTaQuyen]) VALUES (N'kh000036', N'202cb962ac59075b964b07152d234b70', N'Chau Rốc Tanas', 2, N'Khách hàng')INSERT [dbo].[NguoiDung] ([Username], [Password], [TenNguoiDung], [Quyen], [MoTaQuyen]) VALUES (N'kh000037', N'202cb962ac59075b964b07152d234b70', N'Nguyễn Ngọc Tấn', 2, N'Khách hàng')INSERT [dbo].[NguoiDung] ([Username], [Password], [TenNguoiDung], [Quyen], [MoTaQuyen]) VALUES (N'kh000038', N'202cb962ac59075b964b07152d234b70', N'Nguyễn Văn Tập', 2, N'Khách hàng')INSERT [dbo].[NguoiDung] ([Username], [Password], [TenNguoiDung], [Quyen], [MoTaQuyen]) VALUES (N'kh000039', N'202cb962ac59075b964b07152d234b70', N'Danh Tuấn Thanh', 2, N'Khách hàng')INSERT [dbo].[NguoiDung] ([Username], [Password], [TenNguoiDung], [Quyen], [MoTaQuyen]) VALUES (N'kh000040', N'202cb962ac59075b964b07152d234b70', N'Lê Thị Thu Thảo', 2, N'Khách hàng')INSERT [dbo].[NguoiDung] ([Username], [Password], [TenNguoiDung], [Quyen], [MoTaQuyen]) VALUES (N'kh000041', N'202cb962ac59075b964b07152d234b70', N'Nguyễn Trần Vũ Huy', 2, N'Khách hàng')INSERT [dbo].[NguoiDung] ([Username], [Password], [TenNguoiDung], [Quyen], [MoTaQuyen]) VALUES (N'nv001', N'202cb962ac59075b964b07152d234b70', N'Nguyễn Thiện An', 1, N'Nhân viên')INSERT [dbo].[NguoiDung] ([Username], [Password], [TenNguoiDung], [Quyen], [MoTaQuyen]) VALUES (N'nv002', N'202cb962ac59075b964b07152d234b70', N'Hồ Văn Đức', 1, N'Nhân viên')INSERT [dbo].[NguoiDung] ([Username], [Password], [TenNguoiDung], [Quyen], [MoTaQuyen]) VALUES (N'nv003', N'202cb962ac59075b964b07152d234b70', N'Trần Thị Cẩm Tiên', 1, N'Nhân viên')INSERT [dbo].[NguoiDung] ([Username], [Password], [TenNguoiDung], [Quyen], [MoTaQuyen]) VALUES (N'nv004', N'202cb962ac59075b964b07152d234b70', N'Bạch Thị Thanh Trúc', 1, N'Nhân viên')INSERT [dbo].[NguoiDung] ([Username], [Password], [TenNguoiDung], [Quyen], [MoTaQuyen]) VALUES (N'nv005', N'202cb962ac59075b964b07152d234b70', N'Lê Quách Đức Linh', 1, N'Nhân viên')INSERT [dbo].[NguoiDung] ([Username], [Password], [TenNguoiDung], [Quyen], [MoTaQuyen]) VALUES (N'nv006', N'202cb962ac59075b964b07152d234b70', N'Trần Văn Vũ', 1, N'Nhân viên')INSERT [dbo].[NguoiDung] ([Username], [Password], [TenNguoiDung], [Quyen], [MoTaQuyen]) VALUES (N'nv007', N'202cb962ac59075b964b07152d234b70', N'Phạm Minh Trí', 1, N'Nhân viên')INSERT [dbo].[NguoiDung] ([Username], [Password], [TenNguoiDung], [Quyen], [MoTaQuyen]) VALUES (N'nv008', N'202cb962ac59075b964b07152d234b70', N'Dương Trí Thức', 1, N'Nhân viên')INSERT [dbo].[NguoiDung] ([Username], [Password], [TenNguoiDung], [Quyen], [MoTaQuyen]) VALUES (N'nv009', N'202cb962ac59075b964b07152d234b70', N'Nguyễn Thị Pha Lê', 1, N'Nhân viên')INSERT [dbo].[NguoiDung] ([Username], [Password], [TenNguoiDung], [Quyen], [MoTaQuyen]) VALUES (N'nv010', N'202cb962ac59075b964b07152d234b70', N'Nguyễn Tấn Đạt', 1, N'Nhân viên')--bang chuong trinhINSERT [dbo].[ChuongTrinh] ([MaCT], [TenCT], [MoTaCT]) VALUES (N'CT001', N'Khai trương', N'Tổ 1 buổi chức lễ khai trương')INSERT [dbo].[ChuongTrinh] ([MaCT], [TenCT], [MoTaCT]) VALUES (N'CT002', N'Họp báo', N'Tổ chức 1 buổi họp báo')INSERT [dbo].[ChuongTrinh] ([MaCT], [TenCT], [MoTaCT]) VALUES (N'CT003', N'Tiệc cưới', N'Tổ chức chương trình cho 1 tiệc cưới (ko bao gồm tiệc)')INSERT [dbo].[ChuongTrinh] ([MaCT], [TenCT], [MoTaCT]) VALUES (N'CT004', N'Cho thuê âm thanh', N'Cho thuê âm thanh theo yêu cầu')INSERT [dbo].[ChuongTrinh] ([MaCT], [TenCT], [MoTaCT]) VALUES (N'CT005', N'Tổ chức show nhạc', N'Tổ chức 1 đêm ca nhạc')INSERT [dbo].[ChuongTrinh] ([MaCT], [TenCT], [MoTaCT]) VALUES (N'CT006', N'Hội chợ', N'Tổ chức hội chợ')INSERT [dbo].[ChuongTrinh] ([MaCT], [TenCT], [MoTaCT]) VALUES (N'CT007', N'Triển lãm', N'Tổ chức 1 cuộc triển lãm')INSERT [dbo].[ChuongTrinh] ([MaCT], [TenCT], [MoTaCT]) VALUES (N'CT008', N'Cho thuê bạn gái/trai', N'Cho thuê bạn gái hoặc bạn trai')INSERT [dbo].[ChuongTrinh] ([MaCT], [TenCT], [MoTaCT]) VALUES (N'CT009', N'Hội nghị', N'Tổ chức 1 buổi hội nghị')INSERT [dbo].[ChuongTrinh] ([MaCT], [TenCT], [MoTaCT]) VALUES (N'CT010', N'Sinh nhật', N'Tổ chức sinh nhật')INSERT [dbo].[ChuongTrinh] ([MaCT], [TenCT], [MoTaCT]) VALUES (N'CT011', N'Lễ phát động', N'Tổ chức 1 lễ phát động gì đó (quy mô lớn hơn khai trương)')--bang chi tiet chuong trinhINSERT [dbo].[ChiTietCT] ([MaKH], [MaCT], [MaNV], [NgayBatDau], [NgayKetThuc], [MoTa], [SoNguoiThamGia], [DiaDiem], [MucPhat]) VALUES (N'KH000001', N'CT001', N'NV001', CAST(0xA2FF0493 AS SmallDateTime), CAST(0xA3000493 AS SmallDateTime), N'Làm lễ khai trương', 300, N'Cty Phước Hiền', 300000)INSERT [dbo].[ChiTietCT] ([MaKH], [MaCT], [MaNV], [NgayBatDau], [NgayKetThuc], [MoTa], [SoNguoiThamGia], [DiaDiem], [MucPhat]) VALUES (N'KH000003', N'CT002', N'NV002', CAST(0xA2D20497 AS SmallDateTime), CAST(0xA2D20497 AS SmallDateTime), N'Họp báo về tình hình hoạt động công ty', 50, N'Long Xuyên', 200000)INSERT [dbo].[ChiTietCT] ([MaKH], [MaCT], [MaNV], [NgayBatDau], [NgayKetThuc], [MoTa], [SoNguoiThamGia], [DiaDiem], [MucPhat]) VALUES (N'KH000023', N'CT001', N'NV002', CAST(0xA303049A AS SmallDateTime), CAST(0xA304049A AS SmallDateTime), N'Khai trương chi nhánh 2 Shop 3 con Zán', 400, N'Hồ Chí Minh', 350000)INSERT [dbo].[ChiTietCT] ([MaKH], [MaCT], [MaNV], [NgayBatDau], [NgayKetThuc], [MoTa], [SoNguoiThamGia], [DiaDiem], [MucPhat]) VALUES (N'KH000022', N'CT005', N'NV009', CAST(0xA2FD049F AS SmallDateTime), CAST(0xA300049F AS SmallDateTime), NULL, 1000, N'Nhà hát lớn Hà Nội', 200000)INSERT [dbo].[ChiTietCT] ([MaKH], [MaCT], [MaNV], [NgayBatDau], [NgayKetThuc], [MoTa], [SoNguoiThamGia], [DiaDiem], [MucPhat]) VALUES (N'KH000028', N'CT008', N'NV009', CAST(0xA2FB04A2 AS SmallDateTime), CAST(0xA30104A2 AS SmallDateTime), N'Cho thuê bạn gái', 4, N'Long Xuyên', 100000)INSERT [dbo].[ChiTietCT] ([MaKH], [MaCT], [MaNV], [NgayBatDau], [NgayKetThuc], [MoTa], [SoNguoiThamGia], [DiaDiem], [MucPhat]) VALUES (N'KH000041', N'CT012', N'NV004', CAST(0xA2F204A8 AS SmallDateTime), CAST(0xA2F304A8 AS SmallDateTime), NULL, 250, N'Đà Nẵng', 200000)INSERT [dbo].[ChiTietCT] ([MaKH], [MaCT], [MaNV], [NgayBatDau], [NgayKetThuc], [MoTa], [SoNguoiThamGia], [DiaDiem], [MucPhat]) VALUES (N'KH000037', N'CT010', N'NV004', CAST(0xA2F404A8 AS SmallDateTime), CAST(0xA2F404A8 AS SmallDateTime), NULL, 50, N'Tư gia', 50000)INSERT [dbo].[ChiTietCT] ([MaKH], [MaCT], [MaNV], [NgayBatDau], [NgayKetThuc], [MoTa], [SoNguoiThamGia], [DiaDiem], [MucPhat]) VALUES (N'KH000040', N'CT009', N'NV004', CAST(0xA2E304AA AS SmallDateTime), CAST(0xA2EA04AA AS SmallDateTime), N'Tổ chức hội nghị chăm sóc khách hàng', 600, N'Châu Đốc', 250000)INSERT [dbo].[ChiTietCT] ([MaKH], [MaCT], [MaNV], [NgayBatDau], [NgayKetThuc], [MoTa], [SoNguoiThamGia], [DiaDiem], [MucPhat]) VALUES (N'KH000041', N'CT005', N'NV007', CAST(0xA2F204B3 AS SmallDateTime), CAST(0xA2F404B3 AS SmallDateTime), NULL, 10, NULL, 50000)INSERT [dbo].[ChiTietCT] ([MaKH], [MaCT], [MaNV], [NgayBatDau], [NgayKetThuc], [MoTa], [SoNguoiThamGia], [DiaDiem], [MucPhat]) VALUES (N'KH000023', N'CT006', N'NV007', CAST(0xA2F204B4 AS SmallDateTime), CAST(0xA2F404B4 AS SmallDateTime), NULL, 170, N'Chợ Mới', 100000)INSERT [dbo].[ChiTietCT] ([MaKH], [MaCT], [MaNV], [NgayBatDau], [NgayKetThuc], [MoTa], [SoNguoiThamGia], [DiaDiem], [MucPhat]) VALUES (N'KH000023', N'CT007', N'NV008', CAST(0xA2D804B6 AS SmallDateTime), CAST(0xA2DF04B6 AS SmallDateTime), NULL, 500, NULL, 100000)INSERT [dbo].[ChiTietCT] ([MaKH], [MaCT], [MaNV], [NgayBatDau], [NgayKetThuc], [MoTa], [SoNguoiThamGia], [DiaDiem], [MucPhat]) VALUES (N'KH000026', N'CT011', N'NV008', CAST(0xA2F204B8 AS SmallDateTime), CAST(0xA2F304B8 AS SmallDateTime), NULL, 130, NULL, 78000)INSERT [dbo].[ChiTietCT] ([MaKH], [MaCT], [MaNV], [NgayBatDau], [NgayKetThuc], [MoTa], [SoNguoiThamGia], [DiaDiem], [MucPhat]) VALUES (N'KH000029', N'CT004', N'NV008', CAST(0xA2F204B9 AS SmallDateTime), CAST(0xA2F304B9 AS SmallDateTime), NULL, 20, NULL, 100000)--bang ke hoach chi traINSERT [dbo].[KeHoachChiTra] ([IdCTCT], [GiaiDoan], [Phi], [MoTaPhi], [PhuongThucTT], [NgayTTTheoKH], [NgayThatSuTT]) VALUES (1, 1, 10000000, N'Đặt cọc', N'Tiền mặt', CAST(0xA2E00000 AS SmallDateTime), CAST(0xA2E104AC AS SmallDateTime))INSERT [dbo].[KeHoachChiTra] ([IdCTCT], [GiaiDoan], [Phi], [MoTaPhi], [PhuongThucTT], [NgayTTTheoKH], [NgayThatSuTT]) VALUES (1, 2, 15000000, N'Chuẩn bị', N'Chuyển khoản', CAST(0xA2E70000 AS SmallDateTime), NULL)INSERT [dbo].[KeHoachChiTra] ([IdCTCT], [GiaiDoan], [Phi], [MoTaPhi], [PhuongThucTT], [NgayTTTheoKH], [NgayThatSuTT]) VALUES (1, 3, 20000000, N'Thanh toán hết', N'Tiền mặt', CAST(0xA2FA0000 AS SmallDateTime), NULL)INSERT [dbo].[KeHoachChiTra] ([IdCTCT], [GiaiDoan], [Phi], [MoTaPhi], [PhuongThucTT], [NgayTTTheoKH], [NgayThatSuTT]) VALUES (2, 1, 1000000, NULL, N'Tiền mặt', CAST(0xA2C50000 AS SmallDateTime), NULL)INSERT [dbo].[KeHoachChiTra] ([IdCTCT], [GiaiDoan], [Phi], [MoTaPhi], [PhuongThucTT], [NgayTTTheoKH], [NgayThatSuTT]) VALUES (2, 2, 2150000, N'Chuẩn bị', N'Tiền mặt', CAST(0xA2CC0000 AS SmallDateTime), NULL)INSERT [dbo].[KeHoachChiTra] ([IdCTCT], [GiaiDoan], [Phi], [MoTaPhi], [PhuongThucTT], [NgayTTTheoKH], [NgayThatSuTT]) VALUES (2, 3, 3400000, N'Thuê địa điểm', N'Tiền mặt', CAST(0xA2CE0000 AS SmallDateTime), NULL)INSERT [dbo].[KeHoachChiTra] ([IdCTCT], [GiaiDoan], [Phi], [MoTaPhi], [PhuongThucTT], [NgayTTTheoKH], [NgayThatSuTT]) VALUES (2, 4, 100000, N'Hoàn tất', N'', CAST(0xA2D10000 AS SmallDateTime), NULL)INSERT [dbo].[KeHoachChiTra] ([IdCTCT], [GiaiDoan], [Phi], [MoTaPhi], [PhuongThucTT], [NgayTTTheoKH], [NgayThatSuTT]) VALUES (3, 1, 2300000, N'Đặt cọc', N'Tiền mặt', CAST(0xA2E40000 AS SmallDateTime), NULL)INSERT [dbo].[KeHoachChiTra] ([IdCTCT], [GiaiDoan], [Phi], [MoTaPhi], [PhuongThucTT], [NgayTTTheoKH], [NgayThatSuTT]) VALUES (3, 2, 7700000, N'Chuẩn bị', N'Chuyển khoản', CAST(0xA2EB0000 AS SmallDateTime), NULL)INSERT [dbo].[KeHoachChiTra] ([IdCTCT], [GiaiDoan], [Phi], [MoTaPhi], [PhuongThucTT], [NgayTTTheoKH], [NgayThatSuTT]) VALUES (3, 3, 1000000, N'Hoàn tất', N'Chuyển khoản', CAST(0xA2F20000 AS SmallDateTime), NULL)INSERT [dbo].[KeHoachChiTra] ([IdCTCT], [GiaiDoan], [Phi], [MoTaPhi], [PhuongThucTT], [NgayTTTheoKH], [NgayThatSuTT]) VALUES (4, 1, 36000000, N'Chuẩn bị', N'Tiền mặt', CAST(0xA2E00000 AS SmallDateTime), NULL)INSERT [dbo].[KeHoachChiTra] ([IdCTCT], [GiaiDoan], [Phi], [MoTaPhi], [PhuongThucTT], [NgayTTTheoKH], [NgayThatSuTT]) VALUES (4, 2, 100000, NULL, N'Chuyển khoản', CAST(0xA2F40000 AS SmallDateTime), NULL)INSERT [dbo].[KeHoachChiTra] ([IdCTCT], [GiaiDoan], [Phi], [MoTaPhi], [PhuongThucTT], [NgayTTTheoKH], [NgayThatSuTT]) VALUES (4, 3, 50000000, NULL, N'Chuyển khoản', CAST(0xA2FB0000 AS SmallDateTime), NULL)INSERT [dbo].[KeHoachChiTra] ([IdCTCT], [GiaiDoan], [Phi], [MoTaPhi], [PhuongThucTT], [NgayTTTheoKH], [NgayThatSuTT]) VALUES (4, 4, 10000000, NULL, N'Chuyển khoản', CAST(0xA2FD0000 AS SmallDateTime), NULL)INSERT [dbo].[KeHoachChiTra] ([IdCTCT], [GiaiDoan], [Phi], [MoTaPhi], [PhuongThucTT], [NgayTTTheoKH], [NgayThatSuTT]) VALUES (5, 1, 1000000, NULL, N'Chuyển khoản', CAST(0xA2DF0000 AS SmallDateTime), NULL)INSERT [dbo].[KeHoachChiTra] ([IdCTCT], [GiaiDoan], [Phi], [MoTaPhi], [PhuongThucTT], [NgayTTTheoKH], [NgayThatSuTT]) VALUES (5, 2, 500000, NULL, N'', CAST(0xA2E60000 AS SmallDateTime), NULL)INSERT [dbo].[KeHoachChiTra] ([IdCTCT], [GiaiDoan], [Phi], [MoTaPhi], [PhuongThucTT], [NgayTTTheoKH], [NgayThatSuTT]) VALUES (5, 3, 300000, NULL, N'', CAST(0xA2ED0000 AS SmallDateTime), NULL)INSERT [dbo].[KeHoachChiTra] ([IdCTCT], [GiaiDoan], [Phi], [MoTaPhi], [PhuongThucTT], [NgayTTTheoKH], [NgayThatSuTT]) VALUES (5, 4, 200000, NULL, N'', CAST(0xA2F40000 AS SmallDateTime), NULL)INSERT [dbo].[KeHoachChiTra] ([IdCTCT], [GiaiDoan], [Phi], [MoTaPhi], [PhuongThucTT], [NgayTTTheoKH], [NgayThatSuTT]) VALUES (7, 1, 1200000, NULL, N'Tiền mặt', CAST(0xA2D80000 AS SmallDateTime), NULL)INSERT [dbo].[KeHoachChiTra] ([IdCTCT], [GiaiDoan], [Phi], [MoTaPhi], [PhuongThucTT], [NgayTTTheoKH], [NgayThatSuTT]) VALUES (7, 2, 500000, NULL, N'', CAST(0xA2DF0000 AS SmallDateTime), NULL)INSERT [dbo].[KeHoachChiTra] ([IdCTCT], [GiaiDoan], [Phi], [MoTaPhi], [PhuongThucTT], [NgayTTTheoKH], [NgayThatSuTT]) VALUES (7, 3, 300000, NULL, N'', CAST(0xA2E60000 AS SmallDateTime), NULL)INSERT [dbo].[KeHoachChiTra] ([IdCTCT], [GiaiDoan], [Phi], [MoTaPhi], [PhuongThucTT], [NgayTTTheoKH], [NgayThatSuTT]) VALUES (8, 1, 3005000, NULL, N'', CAST(0xA2C70000 AS SmallDateTime), NULL)INSERT [dbo].[KeHoachChiTra] ([IdCTCT], [GiaiDoan], [Phi], [MoTaPhi], [PhuongThucTT], [NgayTTTheoKH], [NgayThatSuTT]) VALUES (8, 2, 100000, NULL, N'Tiền mặt', CAST(0xA2CB0000 AS SmallDateTime), NULL)INSERT [dbo].[KeHoachChiTra] ([IdCTCT], [GiaiDoan], [Phi], [MoTaPhi], [PhuongThucTT], [NgayTTTheoKH], [NgayThatSuTT]) VALUES (8, 3, 2500000, NULL, N'Tiền mặt', CAST(0xA2D20000 AS SmallDateTime), NULL)INSERT [dbo].[KeHoachChiTra] ([IdCTCT], [GiaiDoan], [Phi], [MoTaPhi], [PhuongThucTT], [NgayTTTheoKH], [NgayThatSuTT]) VALUES (8, 4, 10000000, NULL, N'Tiền mặt', CAST(0xA2D90000 AS SmallDateTime), NULL)INSERT [dbo].[KeHoachChiTra] ([IdCTCT], [GiaiDoan], [Phi], [MoTaPhi], [PhuongThucTT], [NgayTTTheoKH], [NgayThatSuTT]) VALUES (8, 5, 10600000, NULL, N'Tiền mặt', CAST(0xA2E00000 AS SmallDateTime), NULL)INSERT [dbo].[KeHoachChiTra] ([IdCTCT], [GiaiDoan], [Phi], [MoTaPhi], [PhuongThucTT], [NgayTTTheoKH], [NgayThatSuTT]) VALUES (9, 1, 500000, NULL, N'Tiền mặt', CAST(0xA2D60000 AS SmallDateTime), NULL)INSERT [dbo].[KeHoachChiTra] ([IdCTCT], [GiaiDoan], [Phi], [MoTaPhi], [PhuongThucTT], [NgayTTTheoKH], [NgayThatSuTT]) VALUES (9, 2, 800000, NULL, N'Tiền mặt', CAST(0xA2DD0000 AS SmallDateTime), NULL)INSERT [dbo].[KeHoachChiTra] ([IdCTCT], [GiaiDoan], [Phi], [MoTaPhi], [PhuongThucTT], [NgayTTTheoKH], [NgayThatSuTT]) VALUES (9, 3, 1100000, NULL, N'Tiền mặt', CAST(0xA2E40000 AS SmallDateTime), NULL)INSERT [dbo].[KeHoachChiTra] ([IdCTCT], [GiaiDoan], [Phi], [MoTaPhi], [PhuongThucTT], [NgayTTTheoKH], [NgayThatSuTT]) VALUES (10, 1, 800000, NULL, N'Tiền mặt', CAST(0xA2EB0000 AS SmallDateTime), NULL)INSERT [dbo].[KeHoachChiTra] ([IdCTCT], [GiaiDoan], [Phi], [MoTaPhi], [PhuongThucTT], [NgayTTTheoKH], [NgayThatSuTT]) VALUES (10, 2, 1000000, NULL, N'Tiền mặt', CAST(0xA2F20000 AS SmallDateTime), NULL)INSERT [dbo].[KeHoachChiTra] ([IdCTCT], [GiaiDoan], [Phi], [MoTaPhi], [PhuongThucTT], [NgayTTTheoKH], [NgayThatSuTT]) VALUES (11, 1, 10000000, NULL, N'Tiền mặt', CAST(0xA2B90000 AS SmallDateTime), NULL)INSERT [dbo].[KeHoachChiTra] ([IdCTCT], [GiaiDoan], [Phi], [MoTaPhi], [PhuongThucTT], [NgayTTTheoKH], [NgayThatSuTT]) VALUES (11, 2, 450000, NULL, N'Tiền mặt', CAST(0xA2C00000 AS SmallDateTime), NULL)INSERT [dbo].[KeHoachChiTra] ([IdCTCT], [GiaiDoan], [Phi], [MoTaPhi], [PhuongThucTT], [NgayTTTheoKH], [NgayThatSuTT]) VALUES (11, 3, 540000, NULL, N'Tiền mặt', CAST(0xA2C70000 AS SmallDateTime), NULL)INSERT [dbo].[KeHoachChiTra] ([IdCTCT], [GiaiDoan], [Phi], [MoTaPhi], [PhuongThucTT], [NgayTTTheoKH], [NgayThatSuTT]) VALUES (11, 4, 800000, NULL, N'', CAST(0xA2CE0000 AS SmallDateTime), NULL)INSERT [dbo].[KeHoachChiTra] ([IdCTCT], [GiaiDoan], [Phi], [MoTaPhi], [PhuongThucTT], [NgayTTTheoKH], [NgayThatSuTT]) VALUES (11, 5, 100000, N'An Giang', N'', CAST(0xA2D50000 AS SmallDateTime), NULL)INSERT [dbo].[KeHoachChiTra] ([IdCTCT], [GiaiDoan], [Phi], [MoTaPhi], [PhuongThucTT], [NgayTTTheoKH], [NgayThatSuTT]) VALUES (12, 1, 3600000, NULL, N'', CAST(0xA2DC0000 AS SmallDateTime), NULL)INSERT [dbo].[KeHoachChiTra] ([IdCTCT], [GiaiDoan], [Phi], [MoTaPhi], [PhuongThucTT], [NgayTTTheoKH], [NgayThatSuTT]) VALUES (12, 2, 2600000, NULL, N'', CAST(0xA2E30000 AS SmallDateTime), NULL)INSERT [dbo].[KeHoachChiTra] ([IdCTCT], [GiaiDoan], [Phi], [MoTaPhi], [PhuongThucTT], [NgayTTTheoKH], [NgayThatSuTT]) VALUES (12, 3, 3000000, NULL, N'', CAST(0xA2EA0000 AS SmallDateTime), NULL)INSERT [dbo].[KeHoachChiTra] ([IdCTCT], [GiaiDoan], [Phi], [MoTaPhi], [PhuongThucTT], [NgayTTTheoKH], [NgayThatSuTT]) VALUES (12, 4, 1000000, N'Hoàn tất', N'', CAST(0xA2F10000 AS SmallDateTime), NULL)INSERT [dbo].[KeHoachChiTra] ([IdCTCT], [GiaiDoan], [Phi], [MoTaPhi], [PhuongThucTT], [NgayTTTheoKH], [NgayThatSuTT]) VALUES (13, 1, 100000, NULL, N'', CAST(0xA2EB0000 AS SmallDateTime), NULL)INSERT [dbo].[KeHoachChiTra] ([IdCTCT], [GiaiDoan], [Phi], [MoTaPhi], [PhuongThucTT], [NgayTTTheoKH], [NgayThatSuTT]) VALUES (13, 2, 700000, NULL, N'', CAST(0xA2F20000 AS SmallDateTime), NULL)